CREATE TABLE IF NOT EXISTS "auth_group" ("id" integer NOT NULL PRIMARY KEY AUTOINCREMENT, "name" varchar(150) NOT NULL UNIQUE);
CREATE UNIQUE INDEX "auth_group_permissions_group_id_permission_id_0cd325b0_uniq" ON "auth_group_permissions" ("group_id", "permission_id");
CREATE INDEX IF NOT EXISTS "auth_group_permissions_group_id_b120cbf9" ON "auth_group_permissions" ("group_id");
CREATE INDEX IF NOT EXISTS "auth_group_permissions_permission_id_84c5c92e" ON "auth_group_permissions" ("permission_id");
CREATE UNIQUE INDEX "auth_user_groups_user_id_group_id_94350c0c_uniq" ON "auth_user_groups" ("user_id", "group_id");
CREATE INDEX IF NOT EXISTS "auth_user_groups_user_id_6a12ed8b" ON "auth_user_groups" ("user_id");
CREATE INDEX IF NOT EXISTS "auth_user_groups_group_id_97559544" ON "auth_user_groups" ("group_id");
CREATE UNIQUE INDEX "auth_user_user_permissions_user_id_permission_id_14a6b632_uniq" ON "auth_user_user_permissions" ("user_id", "permission_id");
CREATE INDEX IF NOT EXISTS "auth_user_user_permissions_user_id_a95ead1b" ON "auth_user_user_permissions" ("user_id");
CREATE INDEX IF NOT EXISTS "auth_user_user_permissions_permission_id_1fbb5f2c" ON "auth_user_user_permissions" ("permission_id");
CREATE INDEX IF NOT EXISTS "django_admin_log_content_type_id_c4bce8eb" ON "django_admin_log" ("content_type_id");
CREATE INDEX IF NOT EXISTS "django_admin_log_user_id_c564eba6" ON "django_admin_log" ("user_id");
CREATE UNIQUE INDEX "django_content_type_app_label_model_76bd3d3b_uniq" ON "django_content_type" ("app_label", "model");
CREATE UNIQUE INDEX "auth_permission_content_type_id_codename_01ab375a_uniq" ON "auth_permission" ("content_type_id", "codename");
CREATE INDEX IF NOT EXISTS "auth_permission_content_type_id_2f476e4b" ON "auth_permission" ("content_type_id");
CREATE INDEX IF NOT EXISTS "relatorio_veiculo_cliente_id_847f48f6" ON "relatorio_veiculo" ("cliente_id");
CREATE INDEX IF NOT EXISTS "relatorio_dadoscompartimento_relatorio_id_3550e66d" ON "relatorio_dadoscompartimento" ("relatorio_id");
CREATE INDEX IF NOT EXISTS "relatorio_dadoscompartimento_ultimo_produto_transportado_id_78d2785b" ON "relatorio_dadoscompartimento" ("ultimo_produto_transportado_id");
CREATE INDEX IF NOT EXISTS "relatorio_relatoriodescontaminacao_veiculo_id_c8046252" ON "relatorio_relatoriodescontaminacao" ("veiculo_id");
CREATE UNIQUE INDEX "relatorio_relatoriodescontaminacao_finalidade_descontaminacao_relatoriodescontaminacao_id_finalidade_id_148358ca_uniq" ON "relatorio_relatoriodescontaminacao_finalidade_descontaminacao" ("relatoriodescontaminacao_id", "finalidade_id");
CREATE INDEX IF NOT EXISTS "relatorio_relatoriodescontaminacao_finalidade_descontaminacao_relatoriodescontaminacao_id_4de0d019" ON "relatorio_relatoriodescontaminacao_finalidade_descontaminacao" ("relatoriodescontaminacao_id");
CREATE INDEX IF NOT EXISTS "relatorio_relatoriodescontaminacao_finalidade_descontaminacao_finalidade_id_3fb502b5" ON "relatorio_relatoriodescontaminacao_finalidade_descontaminacao" ("finalidade_id");
CREATE INDEX IF NOT EXISTS "django_session_expire_date_a5c62663" ON "django_session" ("expire_date");
CREATE TABLE IF NOT EXISTS "auth_group_permissions" ("id" integer NOT NULL PRIMARY KEY AUTOINCREMENT, "group_id" integer NOT NULL REFERENCES "auth_group" ("id") DEFERRABLE INITIALLY DEFERRED, "permission_id" integer NOT NULL REFERENCES "auth_permission" ("id") DEFERRABLE INITIALLY DEFERRED);
CREATE UNIQUE INDEX "auth_group_permissions_group_id_permission_id_0cd325b0_uniq" ON "auth_group_permissions" ("group_id", "permission_id");
CREATE INDEX IF NOT EXISTS "auth_group_permissions_group_id_b120cbf9" ON "auth_group_permissions" ("group_id");
CREATE INDEX IF NOT EXISTS "auth_group_permissions_permission_id_84c5c92e" ON "auth_group_permissions" ("permission_id");
CREATE UNIQUE INDEX "auth_user_groups_user_id_group_id_94350c0c_uniq" ON "auth_user_groups" ("user_id", "group_id");
CREATE INDEX IF NOT EXISTS "auth_user_groups_user_id_6a12ed8b" ON "auth_user_groups" ("user_id");
CREATE INDEX IF NOT EXISTS "auth_user_groups_group_id_97559544" ON "auth_user_groups" ("group_id");
CREATE UNIQUE INDEX "auth_user_user_permissions_user_id_permission_id_14a6b632_uniq" ON "auth_user_user_permissions" ("user_id", "permission_id");
CREATE INDEX IF NOT EXISTS "auth_user_user_permissions_user_id_a95ead1b" ON "auth_user_user_permissions" ("user_id");
CREATE INDEX IF NOT EXISTS "auth_user_user_permissions_permission_id_1fbb5f2c" ON "auth_user_user_permissions" ("permission_id");
CREATE INDEX IF NOT EXISTS "django_admin_log_content_type_id_c4bce8eb" ON "django_admin_log" ("content_type_id");
CREATE INDEX IF NOT EXISTS "django_admin_log_user_id_c564eba6" ON "django_admin_log" ("user_id");
CREATE UNIQUE INDEX "django_content_type_app_label_model_76bd3d3b_uniq" ON "django_content_type" ("app_label", "model");
CREATE UNIQUE INDEX "auth_permission_content_type_id_codename_01ab375a_uniq" ON "auth_permission" ("content_type_id", "codename");
CREATE INDEX IF NOT EXISTS "auth_permission_content_type_id_2f476e4b" ON "auth_permission" ("content_type_id");
CREATE INDEX IF NOT EXISTS "relatorio_veiculo_cliente_id_847f48f6" ON "relatorio_veiculo" ("cliente_id");
CREATE INDEX IF NOT EXISTS "relatorio_dadoscompartimento_relatorio_id_3550e66d" ON "relatorio_dadoscompartimento" ("relatorio_id");
CREATE INDEX IF NOT EXISTS "relatorio_dadoscompartimento_ultimo_produto_transportado_id_78d2785b" ON "relatorio_dadoscompartimento" ("ultimo_produto_transportado_id");
CREATE INDEX IF NOT EXISTS "relatorio_relatoriodescontaminacao_veiculo_id_c8046252" ON "relatorio_relatoriodescontaminacao" ("veiculo_id");
CREATE UNIQUE INDEX "relatorio_relatoriodescontaminacao_finalidade_descontaminacao_relatoriodescontaminacao_id_finalidade_id_148358ca_uniq" ON "relatorio_relatoriodescontaminacao_finalidade_descontaminacao" ("relatoriodescontaminacao_id", "finalidade_id");
CREATE INDEX IF NOT EXISTS "relatorio_relatoriodescontaminacao_finalidade_descontaminacao_relatoriodescontaminacao_id_4de0d019" ON "relatorio_relatoriodescontaminacao_finalidade_descontaminacao" ("relatoriodescontaminacao_id");
CREATE INDEX IF NOT EXISTS "relatorio_relatoriodescontaminacao_finalidade_descontaminacao_finalidade_id_3fb502b5" ON "relatorio_relatoriodescontaminacao_finalidade_descontaminacao" ("finalidade_id");
CREATE INDEX IF NOT EXISTS "django_session_expire_date_a5c62663" ON "django_session" ("expire_date");
CREATE TABLE IF NOT EXISTS "auth_permission" ("id" integer NOT NULL PRIMARY KEY AUTOINCREMENT, "content_type_id" integer NOT NULL REFERENCES "django_content_type" ("id") DEFERRABLE INITIALLY DEFERRED, "codename" varchar(100) NOT NULL, "name" varchar(255) NOT NULL);
INSERT INTO "auth_permission" VALUES(1,1,'add_logentry','Can add log entry');
INSERT INTO "auth_permission" VALUES(2,1,'change_logentry','Can change log entry');
INSERT INTO "auth_permission" VALUES(3,1,'delete_logentry','Can delete log entry');
INSERT INTO "auth_permission" VALUES(4,1,'view_logentry','Can view log entry');
INSERT INTO "auth_permission" VALUES(5,2,'add_permission','Can add permission');
INSERT INTO "auth_permission" VALUES(6,2,'change_permission','Can change permission');
INSERT INTO "auth_permission" VALUES(7,2,'delete_permission','Can delete permission');
INSERT INTO "auth_permission" VALUES(8,2,'view_permission','Can view permission');
INSERT INTO "auth_permission" VALUES(9,3,'add_group','Can add group');
INSERT INTO "auth_permission" VALUES(10,3,'change_group','Can change group');
INSERT INTO "auth_permission" VALUES(11,3,'delete_group','Can delete group');
INSERT INTO "auth_permission" VALUES(12,3,'view_group','Can view group');
INSERT INTO "auth_permission" VALUES(13,4,'add_user','Can add user');
INSERT INTO "auth_permission" VALUES(14,4,'change_user','Can change user');
INSERT INTO "auth_permission" VALUES(15,4,'delete_user','Can delete user');
INSERT INTO "auth_permission" VALUES(16,4,'view_user','Can view user');
INSERT INTO "auth_permission" VALUES(17,5,'add_contenttype','Can add content type');
INSERT INTO "auth_permission" VALUES(18,5,'change_contenttype','Can change content type');
INSERT INTO "auth_permission" VALUES(19,5,'delete_contenttype','Can delete content type');
INSERT INTO "auth_permission" VALUES(20,5,'view_contenttype','Can view content type');
INSERT INTO "auth_permission" VALUES(21,6,'add_session','Can add session');
INSERT INTO "auth_permission" VALUES(22,6,'change_session','Can change session');
INSERT INTO "auth_permission" VALUES(23,6,'delete_session','Can delete session');
INSERT INTO "auth_permission" VALUES(24,6,'view_session','Can view session');
INSERT INTO "auth_permission" VALUES(25,7,'add_empresa','Can add empresa');
INSERT INTO "auth_permission" VALUES(26,7,'change_empresa','Can change empresa');
INSERT INTO "auth_permission" VALUES(27,7,'delete_empresa','Can delete empresa');
INSERT INTO "auth_permission" VALUES(28,7,'view_empresa','Can view empresa');
INSERT INTO "auth_permission" VALUES(29,8,'add_userprofile','Can add user profile');
INSERT INTO "auth_permission" VALUES(30,8,'change_userprofile','Can change user profile');
INSERT INTO "auth_permission" VALUES(31,8,'delete_userprofile','Can delete user profile');
INSERT INTO "auth_permission" VALUES(32,8,'view_userprofile','Can view user profile');
INSERT INTO "auth_permission" VALUES(33,9,'add_person','Can add person');
INSERT INTO "auth_permission" VALUES(34,9,'change_person','Can change person');
INSERT INTO "auth_permission" VALUES(35,9,'delete_person','Can delete person');
INSERT INTO "auth_permission" VALUES(36,9,'view_person','Can view person');
INSERT INTO "auth_permission" VALUES(37,10,'add_cliente','Can add cliente');
INSERT INTO "auth_permission" VALUES(38,10,'change_cliente','Can change cliente');
INSERT INTO "auth_permission" VALUES(39,10,'delete_cliente','Can delete cliente');
INSERT INTO "auth_permission" VALUES(40,10,'view_cliente','Can view cliente');
INSERT INTO "auth_permission" VALUES(41,11,'add_equipamento','Can add equipamento');
INSERT INTO "auth_permission" VALUES(42,11,'change_equipamento','Can change equipamento');
INSERT INTO "auth_permission" VALUES(43,11,'delete_equipamento','Can delete equipamento');
INSERT INTO "auth_permission" VALUES(44,11,'view_equipamento','Can view equipamento');
INSERT INTO "auth_permission" VALUES(45,12,'add_produtotransportado','Can add produto transportado');
INSERT INTO "auth_permission" VALUES(46,12,'change_produtotransportado','Can change produto transportado');
INSERT INTO "auth_permission" VALUES(47,12,'delete_produtotransportado','Can delete produto transportado');
INSERT INTO "auth_permission" VALUES(48,12,'view_produtotransportado','Can view produto transportado');
INSERT INTO "auth_permission" VALUES(49,13,'add_veiculo','Can add veiculo');
INSERT INTO "auth_permission" VALUES(50,13,'change_veiculo','Can change veiculo');
INSERT INTO "auth_permission" VALUES(51,13,'delete_veiculo','Can delete veiculo');
INSERT INTO "auth_permission" VALUES(52,13,'view_veiculo','Can view veiculo');
INSERT INTO "auth_permission" VALUES(53,14,'add_relatoriodescontaminacao','Can add relatorio descontaminacao');
INSERT INTO "auth_permission" VALUES(54,14,'change_relatoriodescontaminacao','Can change relatorio descontaminacao');
INSERT INTO "auth_permission" VALUES(55,14,'delete_relatoriodescontaminacao','Can delete relatorio descontaminacao');
INSERT INTO "auth_permission" VALUES(56,14,'view_relatoriodescontaminacao','Can view relatorio descontaminacao');
INSERT INTO "auth_permission" VALUES(57,15,'add_dadoscompartimento','Can add dados compartimento');
INSERT INTO "auth_permission" VALUES(58,15,'change_dadoscompartimento','Can change dados compartimento');
INSERT INTO "auth_permission" VALUES(59,15,'delete_dadoscompartimento','Can delete dados compartimento');
INSERT INTO "auth_permission" VALUES(60,15,'view_dadoscompartimento','Can view dados compartimento');
INSERT INTO "auth_permission" VALUES(61,16,'add_finalidade','Can add finalidade');
INSERT INTO "auth_permission" VALUES(62,16,'change_finalidade','Can change finalidade');
INSERT INTO "auth_permission" VALUES(63,16,'delete_finalidade','Can delete finalidade');
INSERT INTO "auth_permission" VALUES(64,16,'view_finalidade','Can view finalidade');
CREATE UNIQUE INDEX "auth_group_permissions_group_id_permission_id_0cd325b0_uniq" ON "auth_group_permissions" ("group_id", "permission_id");
CREATE INDEX IF NOT EXISTS "auth_group_permissions_group_id_b120cbf9" ON "auth_group_permissions" ("group_id");
CREATE INDEX IF NOT EXISTS "auth_group_permissions_permission_id_84c5c92e" ON "auth_group_permissions" ("permission_id");
CREATE UNIQUE INDEX "auth_user_groups_user_id_group_id_94350c0c_uniq" ON "auth_user_groups" ("user_id", "group_id");
CREATE INDEX IF NOT EXISTS "auth_user_groups_user_id_6a12ed8b" ON "auth_user_groups" ("user_id");
CREATE INDEX IF NOT EXISTS "auth_user_groups_group_id_97559544" ON "auth_user_groups" ("group_id");
CREATE UNIQUE INDEX "auth_user_user_permissions_user_id_permission_id_14a6b632_uniq" ON "auth_user_user_permissions" ("user_id", "permission_id");
CREATE INDEX IF NOT EXISTS "auth_user_user_permissions_user_id_a95ead1b" ON "auth_user_user_permissions" ("user_id");
CREATE INDEX IF NOT EXISTS "auth_user_user_permissions_permission_id_1fbb5f2c" ON "auth_user_user_permissions" ("permission_id");
CREATE INDEX IF NOT EXISTS "django_admin_log_content_type_id_c4bce8eb" ON "django_admin_log" ("content_type_id");
CREATE INDEX IF NOT EXISTS "django_admin_log_user_id_c564eba6" ON "django_admin_log" ("user_id");
CREATE UNIQUE INDEX "django_content_type_app_label_model_76bd3d3b_uniq" ON "django_content_type" ("app_label", "model");
CREATE UNIQUE INDEX "auth_permission_content_type_id_codename_01ab375a_uniq" ON "auth_permission" ("content_type_id", "codename");
CREATE INDEX IF NOT EXISTS "auth_permission_content_type_id_2f476e4b" ON "auth_permission" ("content_type_id");
CREATE INDEX IF NOT EXISTS "relatorio_veiculo_cliente_id_847f48f6" ON "relatorio_veiculo" ("cliente_id");
CREATE INDEX IF NOT EXISTS "relatorio_dadoscompartimento_relatorio_id_3550e66d" ON "relatorio_dadoscompartimento" ("relatorio_id");
CREATE INDEX IF NOT EXISTS "relatorio_dadoscompartimento_ultimo_produto_transportado_id_78d2785b" ON "relatorio_dadoscompartimento" ("ultimo_produto_transportado_id");
CREATE INDEX IF NOT EXISTS "relatorio_relatoriodescontaminacao_veiculo_id_c8046252" ON "relatorio_relatoriodescontaminacao" ("veiculo_id");
CREATE UNIQUE INDEX "relatorio_relatoriodescontaminacao_finalidade_descontaminacao_relatoriodescontaminacao_id_finalidade_id_148358ca_uniq" ON "relatorio_relatoriodescontaminacao_finalidade_descontaminacao" ("relatoriodescontaminacao_id", "finalidade_id");
CREATE INDEX IF NOT EXISTS "relatorio_relatoriodescontaminacao_finalidade_descontaminacao_relatoriodescontaminacao_id_4de0d019" ON "relatorio_relatoriodescontaminacao_finalidade_descontaminacao" ("relatoriodescontaminacao_id");
CREATE INDEX IF NOT EXISTS "relatorio_relatoriodescontaminacao_finalidade_descontaminacao_finalidade_id_3fb502b5" ON "relatorio_relatoriodescontaminacao_finalidade_descontaminacao" ("finalidade_id");
CREATE INDEX IF NOT EXISTS "django_session_expire_date_a5c62663" ON "django_session" ("expire_date");
CREATE TABLE IF NOT EXISTS "auth_user" ("id" integer NOT NULL PRIMARY KEY AUTOINCREMENT, "password" varchar(128) NOT NULL, "last_login" datetime NULL, "is_superuser" bool NOT NULL, "username" varchar(150) NOT NULL UNIQUE, "last_name" varchar(150) NOT NULL, "email" varchar(254) NOT NULL, "is_staff" bool NOT NULL, "is_active" bool NOT NULL, "date_joined" datetime NOT NULL, "first_name" varchar(150) NOT NULL);
INSERT INTO "auth_user" VALUES(1,'pbkdf2_sha256$390000$FfLcAoDtuiOU1vcCh5BorE$9yrkQxKGEgnWiIjLSs33MAzxGyFwT77M0IQRtxhaQwI=','2023-10-19 12:30:22.601729',1,'admin','','',1,1,'2023-10-17 23:46:41.122105','');
CREATE UNIQUE INDEX "auth_group_permissions_group_id_permission_id_0cd325b0_uniq" ON "auth_group_permissions" ("group_id", "permission_id");
CREATE INDEX IF NOT EXISTS "auth_group_permissions_group_id_b120cbf9" ON "auth_group_permissions" ("group_id");
CREATE INDEX IF NOT EXISTS "auth_group_permissions_permission_id_84c5c92e" ON "auth_group_permissions" ("permission_id");
CREATE UNIQUE INDEX "auth_user_groups_user_id_group_id_94350c0c_uniq" ON "auth_user_groups" ("user_id", "group_id");
CREATE INDEX IF NOT EXISTS "auth_user_groups_user_id_6a12ed8b" ON "auth_user_groups" ("user_id");
CREATE INDEX IF NOT EXISTS "auth_user_groups_group_id_97559544" ON "auth_user_groups" ("group_id");
CREATE UNIQUE INDEX "auth_user_user_permissions_user_id_permission_id_14a6b632_uniq" ON "auth_user_user_permissions" ("user_id", "permission_id");
CREATE INDEX IF NOT EXISTS "auth_user_user_permissions_user_id_a95ead1b" ON "auth_user_user_permissions" ("user_id");
CREATE INDEX IF NOT EXISTS "auth_user_user_permissions_permission_id_1fbb5f2c" ON "auth_user_user_permissions" ("permission_id");
CREATE INDEX IF NOT EXISTS "django_admin_log_content_type_id_c4bce8eb" ON "django_admin_log" ("content_type_id");
CREATE INDEX IF NOT EXISTS "django_admin_log_user_id_c564eba6" ON "django_admin_log" ("user_id");
CREATE UNIQUE INDEX "django_content_type_app_label_model_76bd3d3b_uniq" ON "django_content_type" ("app_label", "model");
CREATE UNIQUE INDEX "auth_permission_content_type_id_codename_01ab375a_uniq" ON "auth_permission" ("content_type_id", "codename");
CREATE INDEX IF NOT EXISTS "auth_permission_content_type_id_2f476e4b" ON "auth_permission" ("content_type_id");
CREATE INDEX IF NOT EXISTS "relatorio_veiculo_cliente_id_847f48f6" ON "relatorio_veiculo" ("cliente_id");
CREATE INDEX IF NOT EXISTS "relatorio_dadoscompartimento_relatorio_id_3550e66d" ON "relatorio_dadoscompartimento" ("relatorio_id");
CREATE INDEX IF NOT EXISTS "relatorio_dadoscompartimento_ultimo_produto_transportado_id_78d2785b" ON "relatorio_dadoscompartimento" ("ultimo_produto_transportado_id");
CREATE INDEX IF NOT EXISTS "relatorio_relatoriodescontaminacao_veiculo_id_c8046252" ON "relatorio_relatoriodescontaminacao" ("veiculo_id");
CREATE UNIQUE INDEX "relatorio_relatoriodescontaminacao_finalidade_descontaminacao_relatoriodescontaminacao_id_finalidade_id_148358ca_uniq" ON "relatorio_relatoriodescontaminacao_finalidade_descontaminacao" ("relatoriodescontaminacao_id", "finalidade_id");
CREATE INDEX IF NOT EXISTS "relatorio_relatoriodescontaminacao_finalidade_descontaminacao_relatoriodescontaminacao_id_4de0d019" ON "relatorio_relatoriodescontaminacao_finalidade_descontaminacao" ("relatoriodescontaminacao_id");
CREATE INDEX IF NOT EXISTS "relatorio_relatoriodescontaminacao_finalidade_descontaminacao_finalidade_id_3fb502b5" ON "relatorio_relatoriodescontaminacao_finalidade_descontaminacao" ("finalidade_id");
CREATE INDEX IF NOT EXISTS "django_session_expire_date_a5c62663" ON "django_session" ("expire_date");
CREATE TABLE IF NOT EXISTS "auth_user_groups" ("id" integer NOT NULL PRIMARY KEY AUTOINCREMENT, "user_id" integer NOT NULL REFERENCES "auth_user" ("id") DEFERRABLE INITIALLY DEFERRED, "group_id" integer NOT NULL REFERENCES "auth_group" ("id") DEFERRABLE INITIALLY DEFERRED);
CREATE UNIQUE INDEX "auth_group_permissions_group_id_permission_id_0cd325b0_uniq" ON "auth_group_permissions" ("group_id", "permission_id");
CREATE INDEX IF NOT EXISTS "auth_group_permissions_group_id_b120cbf9" ON "auth_group_permissions" ("group_id");
CREATE INDEX IF NOT EXISTS "auth_group_permissions_permission_id_84c5c92e" ON "auth_group_permissions" ("permission_id");
CREATE UNIQUE INDEX "auth_user_groups_user_id_group_id_94350c0c_uniq" ON "auth_user_groups" ("user_id", "group_id");
CREATE INDEX IF NOT EXISTS "auth_user_groups_user_id_6a12ed8b" ON "auth_user_groups" ("user_id");
CREATE INDEX IF NOT EXISTS "auth_user_groups_group_id_97559544" ON "auth_user_groups" ("group_id");
CREATE UNIQUE INDEX "auth_user_user_permissions_user_id_permission_id_14a6b632_uniq" ON "auth_user_user_permissions" ("user_id", "permission_id");
CREATE INDEX IF NOT EXISTS "auth_user_user_permissions_user_id_a95ead1b" ON "auth_user_user_permissions" ("user_id");
CREATE INDEX IF NOT EXISTS "auth_user_user_permissions_permission_id_1fbb5f2c" ON "auth_user_user_permissions" ("permission_id");
CREATE INDEX IF NOT EXISTS "django_admin_log_content_type_id_c4bce8eb" ON "django_admin_log" ("content_type_id");
CREATE INDEX IF NOT EXISTS "django_admin_log_user_id_c564eba6" ON "django_admin_log" ("user_id");
CREATE UNIQUE INDEX "django_content_type_app_label_model_76bd3d3b_uniq" ON "django_content_type" ("app_label", "model");
CREATE UNIQUE INDEX "auth_permission_content_type_id_codename_01ab375a_uniq" ON "auth_permission" ("content_type_id", "codename");
CREATE INDEX IF NOT EXISTS "auth_permission_content_type_id_2f476e4b" ON "auth_permission" ("content_type_id");
CREATE INDEX IF NOT EXISTS "relatorio_veiculo_cliente_id_847f48f6" ON "relatorio_veiculo" ("cliente_id");
CREATE INDEX IF NOT EXISTS "relatorio_dadoscompartimento_relatorio_id_3550e66d" ON "relatorio_dadoscompartimento" ("relatorio_id");
CREATE INDEX IF NOT EXISTS "relatorio_dadoscompartimento_ultimo_produto_transportado_id_78d2785b" ON "relatorio_dadoscompartimento" ("ultimo_produto_transportado_id");
CREATE INDEX IF NOT EXISTS "relatorio_relatoriodescontaminacao_veiculo_id_c8046252" ON "relatorio_relatoriodescontaminacao" ("veiculo_id");
CREATE UNIQUE INDEX "relatorio_relatoriodescontaminacao_finalidade_descontaminacao_relatoriodescontaminacao_id_finalidade_id_148358ca_uniq" ON "relatorio_relatoriodescontaminacao_finalidade_descontaminacao" ("relatoriodescontaminacao_id", "finalidade_id");
CREATE INDEX IF NOT EXISTS "relatorio_relatoriodescontaminacao_finalidade_descontaminacao_relatoriodescontaminacao_id_4de0d019" ON "relatorio_relatoriodescontaminacao_finalidade_descontaminacao" ("relatoriodescontaminacao_id");
CREATE INDEX IF NOT EXISTS "relatorio_relatoriodescontaminacao_finalidade_descontaminacao_finalidade_id_3fb502b5" ON "relatorio_relatoriodescontaminacao_finalidade_descontaminacao" ("finalidade_id");
CREATE INDEX IF NOT EXISTS "django_session_expire_date_a5c62663" ON "django_session" ("expire_date");
CREATE TABLE IF NOT EXISTS "auth_user_user_permissions" ("id" integer NOT NULL PRIMARY KEY AUTOINCREMENT, "user_id" integer NOT NULL REFERENCES "auth_user" ("id") DEFERRABLE INITIALLY DEFERRED, "permission_id" integer NOT NULL REFERENCES "auth_permission" ("id") DEFERRABLE INITIALLY DEFERRED);
CREATE UNIQUE INDEX "auth_group_permissions_group_id_permission_id_0cd325b0_uniq" ON "auth_group_permissions" ("group_id", "permission_id");
CREATE INDEX IF NOT EXISTS "auth_group_permissions_group_id_b120cbf9" ON "auth_group_permissions" ("group_id");
CREATE INDEX IF NOT EXISTS "auth_group_permissions_permission_id_84c5c92e" ON "auth_group_permissions" ("permission_id");
CREATE UNIQUE INDEX "auth_user_groups_user_id_group_id_94350c0c_uniq" ON "auth_user_groups" ("user_id", "group_id");
CREATE INDEX IF NOT EXISTS "auth_user_groups_user_id_6a12ed8b" ON "auth_user_groups" ("user_id");
CREATE INDEX IF NOT EXISTS "auth_user_groups_group_id_97559544" ON "auth_user_groups" ("group_id");
CREATE UNIQUE INDEX "auth_user_user_permissions_user_id_permission_id_14a6b632_uniq" ON "auth_user_user_permissions" ("user_id", "permission_id");
CREATE INDEX IF NOT EXISTS "auth_user_user_permissions_user_id_a95ead1b" ON "auth_user_user_permissions" ("user_id");
CREATE INDEX IF NOT EXISTS "auth_user_user_permissions_permission_id_1fbb5f2c" ON "auth_user_user_permissions" ("permission_id");
CREATE INDEX IF NOT EXISTS "django_admin_log_content_type_id_c4bce8eb" ON "django_admin_log" ("content_type_id");
CREATE INDEX IF NOT EXISTS "django_admin_log_user_id_c564eba6" ON "django_admin_log" ("user_id");
CREATE UNIQUE INDEX "django_content_type_app_label_model_76bd3d3b_uniq" ON "django_content_type" ("app_label", "model");
CREATE UNIQUE INDEX "auth_permission_content_type_id_codename_01ab375a_uniq" ON "auth_permission" ("content_type_id", "codename");
CREATE INDEX IF NOT EXISTS "auth_permission_content_type_id_2f476e4b" ON "auth_permission" ("content_type_id");
CREATE INDEX IF NOT EXISTS "relatorio_veiculo_cliente_id_847f48f6" ON "relatorio_veiculo" ("cliente_id");
CREATE INDEX IF NOT EXISTS "relatorio_dadoscompartimento_relatorio_id_3550e66d" ON "relatorio_dadoscompartimento" ("relatorio_id");
CREATE INDEX IF NOT EXISTS "relatorio_dadoscompartimento_ultimo_produto_transportado_id_78d2785b" ON "relatorio_dadoscompartimento" ("ultimo_produto_transportado_id");
CREATE INDEX IF NOT EXISTS "relatorio_relatoriodescontaminacao_veiculo_id_c8046252" ON "relatorio_relatoriodescontaminacao" ("veiculo_id");
CREATE UNIQUE INDEX "relatorio_relatoriodescontaminacao_finalidade_descontaminacao_relatoriodescontaminacao_id_finalidade_id_148358ca_uniq" ON "relatorio_relatoriodescontaminacao_finalidade_descontaminacao" ("relatoriodescontaminacao_id", "finalidade_id");
CREATE INDEX IF NOT EXISTS "relatorio_relatoriodescontaminacao_finalidade_descontaminacao_relatoriodescontaminacao_id_4de0d019" ON "relatorio_relatoriodescontaminacao_finalidade_descontaminacao" ("relatoriodescontaminacao_id");
CREATE INDEX IF NOT EXISTS "relatorio_relatoriodescontaminacao_finalidade_descontaminacao_finalidade_id_3fb502b5" ON "relatorio_relatoriodescontaminacao_finalidade_descontaminacao" ("finalidade_id");
CREATE INDEX IF NOT EXISTS "django_session_expire_date_a5c62663" ON "django_session" ("expire_date");
CREATE TABLE IF NOT EXISTS "django_admin_log" ("id" integer NOT NULL PRIMARY KEY AUTOINCREMENT, "object_id" text NULL, "object_repr" varchar(200) NOT NULL, "action_flag" smallint unsigned NOT NULL CHECK ("action_flag" >= 0), "change_message" text NOT NULL, "content_type_id" integer NULL REFERENCES "django_content_type" ("id") DEFERRABLE INITIALLY DEFERRED, "user_id" integer NOT NULL REFERENCES "auth_user" ("id") DEFERRABLE INITIALLY DEFERRED, "action_time" datetime NOT NULL);
INSERT INTO "django_admin_log" VALUES(1,'1','Inspeção',1,'[{"added": {}}]',16,1,'2023-10-17 23:47:44.036041');
INSERT INTO "django_admin_log" VALUES(2,'2','Manutenção',1,'[{"added": {}}]',16,1,'2023-10-17 23:47:48.907752');
INSERT INTO "django_admin_log" VALUES(3,'3','Reparo',1,'[{"added": {}}]',16,1,'2023-10-17 23:47:53.686139');
INSERT INTO "django_admin_log" VALUES(4,'4','Reforma',1,'[{"added": {}}]',16,1,'2023-10-17 23:47:58.324268');
INSERT INTO "django_admin_log" VALUES(5,'5','Verificao metrológica',1,'[{"added": {}}]',16,1,'2023-10-17 23:48:04.181683');
INSERT INTO "django_admin_log" VALUES(6,'2','POSTO MILENA LTDA',2,'[{"changed": {"fields": ["Nome completo", "Proprietario"]}}]',10,1,'2023-10-19 12:00:48.973552');
CREATE UNIQUE INDEX "auth_group_permissions_group_id_permission_id_0cd325b0_uniq" ON "auth_group_permissions" ("group_id", "permission_id");
CREATE INDEX IF NOT EXISTS "auth_group_permissions_group_id_b120cbf9" ON "auth_group_permissions" ("group_id");
CREATE INDEX IF NOT EXISTS "auth_group_permissions_permission_id_84c5c92e" ON "auth_group_permissions" ("permission_id");
CREATE UNIQUE INDEX "auth_user_groups_user_id_group_id_94350c0c_uniq" ON "auth_user_groups" ("user_id", "group_id");
CREATE INDEX IF NOT EXISTS "auth_user_groups_user_id_6a12ed8b" ON "auth_user_groups" ("user_id");
CREATE INDEX IF NOT EXISTS "auth_user_groups_group_id_97559544" ON "auth_user_groups" ("group_id");
CREATE UNIQUE INDEX "auth_user_user_permissions_user_id_permission_id_14a6b632_uniq" ON "auth_user_user_permissions" ("user_id", "permission_id");
CREATE INDEX IF NOT EXISTS "auth_user_user_permissions_user_id_a95ead1b" ON "auth_user_user_permissions" ("user_id");
CREATE INDEX IF NOT EXISTS "auth_user_user_permissions_permission_id_1fbb5f2c" ON "auth_user_user_permissions" ("permission_id");
CREATE INDEX IF NOT EXISTS "django_admin_log_content_type_id_c4bce8eb" ON "django_admin_log" ("content_type_id");
CREATE INDEX IF NOT EXISTS "django_admin_log_user_id_c564eba6" ON "django_admin_log" ("user_id");
CREATE UNIQUE INDEX "django_content_type_app_label_model_76bd3d3b_uniq" ON "django_content_type" ("app_label", "model");
CREATE UNIQUE INDEX "auth_permission_content_type_id_codename_01ab375a_uniq" ON "auth_permission" ("content_type_id", "codename");
CREATE INDEX IF NOT EXISTS "auth_permission_content_type_id_2f476e4b" ON "auth_permission" ("content_type_id");
CREATE INDEX IF NOT EXISTS "relatorio_veiculo_cliente_id_847f48f6" ON "relatorio_veiculo" ("cliente_id");
CREATE INDEX IF NOT EXISTS "relatorio_dadoscompartimento_relatorio_id_3550e66d" ON "relatorio_dadoscompartimento" ("relatorio_id");
CREATE INDEX IF NOT EXISTS "relatorio_dadoscompartimento_ultimo_produto_transportado_id_78d2785b" ON "relatorio_dadoscompartimento" ("ultimo_produto_transportado_id");
CREATE INDEX IF NOT EXISTS "relatorio_relatoriodescontaminacao_veiculo_id_c8046252" ON "relatorio_relatoriodescontaminacao" ("veiculo_id");
CREATE UNIQUE INDEX "relatorio_relatoriodescontaminacao_finalidade_descontaminacao_relatoriodescontaminacao_id_finalidade_id_148358ca_uniq" ON "relatorio_relatoriodescontaminacao_finalidade_descontaminacao" ("relatoriodescontaminacao_id", "finalidade_id");
CREATE INDEX IF NOT EXISTS "relatorio_relatoriodescontaminacao_finalidade_descontaminacao_relatoriodescontaminacao_id_4de0d019" ON "relatorio_relatoriodescontaminacao_finalidade_descontaminacao" ("relatoriodescontaminacao_id");
CREATE INDEX IF NOT EXISTS "relatorio_relatoriodescontaminacao_finalidade_descontaminacao_finalidade_id_3fb502b5" ON "relatorio_relatoriodescontaminacao_finalidade_descontaminacao" ("finalidade_id");
CREATE INDEX IF NOT EXISTS "django_session_expire_date_a5c62663" ON "django_session" ("expire_date");
CREATE TABLE IF NOT EXISTS "django_content_type" ("id" integer NOT NULL PRIMARY KEY AUTOINCREMENT, "app_label" varchar(100) NOT NULL, "model" varchar(100) NOT NULL);
INSERT INTO "django_content_type" VALUES(1,'admin','logentry');
INSERT INTO "django_content_type" VALUES(2,'auth','permission');
INSERT INTO "django_content_type" VALUES(3,'auth','group');
INSERT INTO "django_content_type" VALUES(4,'auth','user');
INSERT INTO "django_content_type" VALUES(5,'contenttypes','contenttype');
INSERT INTO "django_content_type" VALUES(6,'sessions','session');
INSERT INTO "django_content_type" VALUES(7,'user','empresa');
INSERT INTO "django_content_type" VALUES(8,'user','userprofile');
INSERT INTO "django_content_type" VALUES(9,'user','person');
INSERT INTO "django_content_type" VALUES(10,'relatorio','cliente');
INSERT INTO "django_content_type" VALUES(11,'relatorio','equipamento');
INSERT INTO "django_content_type" VALUES(12,'relatorio','produtotransportado');
INSERT INTO "django_content_type" VALUES(13,'relatorio','veiculo');
INSERT INTO "django_content_type" VALUES(14,'relatorio','relatoriodescontaminacao');
INSERT INTO "django_content_type" VALUES(15,'relatorio','dadoscompartimento');
INSERT INTO "django_content_type" VALUES(16,'relatorio','finalidade');
CREATE UNIQUE INDEX "auth_group_permissions_group_id_permission_id_0cd325b0_uniq" ON "auth_group_permissions" ("group_id", "permission_id");
CREATE INDEX IF NOT EXISTS "auth_group_permissions_group_id_b120cbf9" ON "auth_group_permissions" ("group_id");
CREATE INDEX IF NOT EXISTS "auth_group_permissions_permission_id_84c5c92e" ON "auth_group_permissions" ("permission_id");
CREATE UNIQUE INDEX "auth_user_groups_user_id_group_id_94350c0c_uniq" ON "auth_user_groups" ("user_id", "group_id");
CREATE INDEX IF NOT EXISTS "auth_user_groups_user_id_6a12ed8b" ON "auth_user_groups" ("user_id");
CREATE INDEX IF NOT EXISTS "auth_user_groups_group_id_97559544" ON "auth_user_groups" ("group_id");
CREATE UNIQUE INDEX "auth_user_user_permissions_user_id_permission_id_14a6b632_uniq" ON "auth_user_user_permissions" ("user_id", "permission_id");
CREATE INDEX IF NOT EXISTS "auth_user_user_permissions_user_id_a95ead1b" ON "auth_user_user_permissions" ("user_id");
CREATE INDEX IF NOT EXISTS "auth_user_user_permissions_permission_id_1fbb5f2c" ON "auth_user_user_permissions" ("permission_id");
CREATE INDEX IF NOT EXISTS "django_admin_log_content_type_id_c4bce8eb" ON "django_admin_log" ("content_type_id");
CREATE INDEX IF NOT EXISTS "django_admin_log_user_id_c564eba6" ON "django_admin_log" ("user_id");
CREATE UNIQUE INDEX "django_content_type_app_label_model_76bd3d3b_uniq" ON "django_content_type" ("app_label", "model");
CREATE UNIQUE INDEX "auth_permission_content_type_id_codename_01ab375a_uniq" ON "auth_permission" ("content_type_id", "codename");
CREATE INDEX IF NOT EXISTS "auth_permission_content_type_id_2f476e4b" ON "auth_permission" ("content_type_id");
CREATE INDEX IF NOT EXISTS "relatorio_veiculo_cliente_id_847f48f6" ON "relatorio_veiculo" ("cliente_id");
CREATE INDEX IF NOT EXISTS "relatorio_dadoscompartimento_relatorio_id_3550e66d" ON "relatorio_dadoscompartimento" ("relatorio_id");
CREATE INDEX IF NOT EXISTS "relatorio_dadoscompartimento_ultimo_produto_transportado_id_78d2785b" ON "relatorio_dadoscompartimento" ("ultimo_produto_transportado_id");
CREATE INDEX IF NOT EXISTS "relatorio_relatoriodescontaminacao_veiculo_id_c8046252" ON "relatorio_relatoriodescontaminacao" ("veiculo_id");
CREATE UNIQUE INDEX "relatorio_relatoriodescontaminacao_finalidade_descontaminacao_relatoriodescontaminacao_id_finalidade_id_148358ca_uniq" ON "relatorio_relatoriodescontaminacao_finalidade_descontaminacao" ("relatoriodescontaminacao_id", "finalidade_id");
CREATE INDEX IF NOT EXISTS "relatorio_relatoriodescontaminacao_finalidade_descontaminacao_relatoriodescontaminacao_id_4de0d019" ON "relatorio_relatoriodescontaminacao_finalidade_descontaminacao" ("relatoriodescontaminacao_id");
CREATE INDEX IF NOT EXISTS "relatorio_relatoriodescontaminacao_finalidade_descontaminacao_finalidade_id_3fb502b5" ON "relatorio_relatoriodescontaminacao_finalidade_descontaminacao" ("finalidade_id");
CREATE INDEX IF NOT EXISTS "django_session_expire_date_a5c62663" ON "django_session" ("expire_date");
CREATE TABLE IF NOT EXISTS "django_migrations" ("id" integer NOT NULL PRIMARY KEY AUTOINCREMENT, "app" varchar(255) NOT NULL, "name" varchar(255) NOT NULL, "applied" datetime NOT NULL);
INSERT INTO "django_migrations" VALUES(1,'contenttypes','0001_initial','2023-10-17 23:46:16.475010');
INSERT INTO "django_migrations" VALUES(2,'auth','0001_initial','2023-10-17 23:46:16.497705');
INSERT INTO "django_migrations" VALUES(3,'admin','0001_initial','2023-10-17 23:46:16.509581');
INSERT INTO "django_migrations" VALUES(4,'admin','0002_logentry_remove_auto_add','2023-10-17 23:46:16.520856');
INSERT INTO "django_migrations" VALUES(5,'admin','0003_logentry_add_action_flag_choices','2023-10-17 23:46:16.527980');
INSERT INTO "django_migrations" VALUES(6,'contenttypes','0002_remove_content_type_name','2023-10-17 23:46:16.542959');
INSERT INTO "django_migrations" VALUES(7,'auth','0002_alter_permission_name_max_length','2023-10-17 23:46:16.553420');
INSERT INTO "django_migrations" VALUES(8,'auth','0003_alter_user_email_max_length','2023-10-17 23:46:16.562935');
INSERT INTO "django_migrations" VALUES(9,'auth','0004_alter_user_username_opts','2023-10-17 23:46:16.572244');
INSERT INTO "django_migrations" VALUES(10,'auth','0005_alter_user_last_login_null','2023-10-17 23:46:16.580632');
INSERT INTO "django_migrations" VALUES(11,'auth','0006_require_contenttypes_0002','2023-10-17 23:46:16.584458');
INSERT INTO "django_migrations" VALUES(12,'auth','0007_alter_validators_add_error_messages','2023-10-17 23:46:16.590889');
INSERT INTO "django_migrations" VALUES(13,'auth','0008_alter_user_username_max_length','2023-10-17 23:46:16.599304');
INSERT INTO "django_migrations" VALUES(14,'auth','0009_alter_user_last_name_max_length','2023-10-17 23:46:16.608895');
INSERT INTO "django_migrations" VALUES(15,'auth','0010_alter_group_name_max_length','2023-10-17 23:46:16.620347');
INSERT INTO "django_migrations" VALUES(16,'auth','0011_update_proxy_permissions','2023-10-17 23:46:16.631474');
INSERT INTO "django_migrations" VALUES(17,'auth','0012_alter_user_first_name_max_length','2023-10-17 23:46:16.642193');
INSERT INTO "django_migrations" VALUES(18,'relatorio','0001_initial','2023-10-17 23:46:16.664663');
INSERT INTO "django_migrations" VALUES(19,'relatorio','0002_alter_relatoriodescontaminacao_finalidade_descontaminacao_and_more','2023-10-17 23:46:16.716855');
INSERT INTO "django_migrations" VALUES(20,'relatorio','0003_alter_relatoriodescontaminacao_numero_relatorio','2023-10-17 23:46:16.726986');
INSERT INTO "django_migrations" VALUES(21,'relatorio','0004_remove_relatoriodescontaminacao_numero_relatorio','2023-10-17 23:46:16.732688');
INSERT INTO "django_migrations" VALUES(22,'relatorio','0005_produtotransportado_numero_onu','2023-10-17 23:46:16.741669');
INSERT INTO "django_migrations" VALUES(23,'relatorio','0006_relatoriodescontaminacao_cliente','2023-10-17 23:46:16.752439');
INSERT INTO "django_migrations" VALUES(24,'relatorio','0007_remove_relatoriodescontaminacao_cliente','2023-10-17 23:46:16.760555');
INSERT INTO "django_migrations" VALUES(25,'relatorio','0008_dadoscompartimento_volumear_and_more','2023-10-17 23:46:16.775140');
INSERT INTO "django_migrations" VALUES(26,'relatorio','0009_alter_dadoscompartimento_tempo','2023-10-17 23:46:16.784616');
INSERT INTO "django_migrations" VALUES(27,'relatorio','0010_relatoriodescontaminacao_data','2023-10-17 23:46:16.794492');
INSERT INTO "django_migrations" VALUES(28,'relatorio','0011_rename_numero_compartilhamento_dadoscompartimento_numero_compartimento_and_more','2023-10-17 23:46:16.808277');
INSERT INTO "django_migrations" VALUES(29,'relatorio','0012_alter_relatoriodescontaminacao_tipo_equipamento','2023-10-17 23:46:16.813673');
INSERT INTO "django_migrations" VALUES(30,'relatorio','0013_alter_dadoscompartimento_relatorio_and_more','2023-10-17 23:46:16.833014');
INSERT INTO "django_migrations" VALUES(31,'relatorio','0014_remove_relatoriodescontaminacao_veiculo_and_more','2023-10-17 23:46:16.846076');
INSERT INTO "django_migrations" VALUES(32,'relatorio','0015_finalidade_and_more','2023-10-17 23:46:16.865835');
INSERT INTO "django_migrations" VALUES(33,'relatorio','0016_alter_finalidade_finalidade','2023-10-17 23:46:16.875936');
INSERT INTO "django_migrations" VALUES(34,'sessions','0001_initial','2023-10-17 23:46:16.883094');
CREATE UNIQUE INDEX "auth_group_permissions_group_id_permission_id_0cd325b0_uniq" ON "auth_group_permissions" ("group_id", "permission_id");
CREATE INDEX IF NOT EXISTS "auth_group_permissions_group_id_b120cbf9" ON "auth_group_permissions" ("group_id");
CREATE INDEX IF NOT EXISTS "auth_group_permissions_permission_id_84c5c92e" ON "auth_group_permissions" ("permission_id");
CREATE UNIQUE INDEX "auth_user_groups_user_id_group_id_94350c0c_uniq" ON "auth_user_groups" ("user_id", "group_id");
CREATE INDEX IF NOT EXISTS "auth_user_groups_user_id_6a12ed8b" ON "auth_user_groups" ("user_id");
CREATE INDEX IF NOT EXISTS "auth_user_groups_group_id_97559544" ON "auth_user_groups" ("group_id");
CREATE UNIQUE INDEX "auth_user_user_permissions_user_id_permission_id_14a6b632_uniq" ON "auth_user_user_permissions" ("user_id", "permission_id");
CREATE INDEX IF NOT EXISTS "auth_user_user_permissions_user_id_a95ead1b" ON "auth_user_user_permissions" ("user_id");
CREATE INDEX IF NOT EXISTS "auth_user_user_permissions_permission_id_1fbb5f2c" ON "auth_user_user_permissions" ("permission_id");
CREATE INDEX IF NOT EXISTS "django_admin_log_content_type_id_c4bce8eb" ON "django_admin_log" ("content_type_id");
CREATE INDEX IF NOT EXISTS "django_admin_log_user_id_c564eba6" ON "django_admin_log" ("user_id");
CREATE UNIQUE INDEX "django_content_type_app_label_model_76bd3d3b_uniq" ON "django_content_type" ("app_label", "model");
CREATE UNIQUE INDEX "auth_permission_content_type_id_codename_01ab375a_uniq" ON "auth_permission" ("content_type_id", "codename");
CREATE INDEX IF NOT EXISTS "auth_permission_content_type_id_2f476e4b" ON "auth_permission" ("content_type_id");
CREATE INDEX IF NOT EXISTS "relatorio_veiculo_cliente_id_847f48f6" ON "relatorio_veiculo" ("cliente_id");
CREATE INDEX IF NOT EXISTS "relatorio_dadoscompartimento_relatorio_id_3550e66d" ON "relatorio_dadoscompartimento" ("relatorio_id");
CREATE INDEX IF NOT EXISTS "relatorio_dadoscompartimento_ultimo_produto_transportado_id_78d2785b" ON "relatorio_dadoscompartimento" ("ultimo_produto_transportado_id");
CREATE INDEX IF NOT EXISTS "relatorio_relatoriodescontaminacao_veiculo_id_c8046252" ON "relatorio_relatoriodescontaminacao" ("veiculo_id");
CREATE UNIQUE INDEX "relatorio_relatoriodescontaminacao_finalidade_descontaminacao_relatoriodescontaminacao_id_finalidade_id_148358ca_uniq" ON "relatorio_relatoriodescontaminacao_finalidade_descontaminacao" ("relatoriodescontaminacao_id", "finalidade_id");
CREATE INDEX IF NOT EXISTS "relatorio_relatoriodescontaminacao_finalidade_descontaminacao_relatoriodescontaminacao_id_4de0d019" ON "relatorio_relatoriodescontaminacao_finalidade_descontaminacao" ("relatoriodescontaminacao_id");
CREATE INDEX IF NOT EXISTS "relatorio_relatoriodescontaminacao_finalidade_descontaminacao_finalidade_id_3fb502b5" ON "relatorio_relatoriodescontaminacao_finalidade_descontaminacao" ("finalidade_id");
CREATE INDEX IF NOT EXISTS "django_session_expire_date_a5c62663" ON "django_session" ("expire_date");
CREATE TABLE IF NOT EXISTS "django_session" ("session_key" varchar(40) NOT NULL PRIMARY KEY, "session_data" text NOT NULL, "expire_date" datetime NOT NULL);
INSERT INTO "django_session" VALUES('9cimxogqjrorssi1ca41rg0p90uravrw','.eJxVjMsOwiAQRf-FtSFAeTgu3fcbyDCDUjWQlHZl_HdD0oVu7znnvkXEfStx73mNC4uL0OL0uyWkZ64D8APrvUlqdVuXJIciD9rl3Di_rof7d1Cwl1FbCP7M2obkQDnImIkswc0Eb1IKnmzSToFHdAEmNeEUDAJ5dobZoPh8AdgmN6s:1qstmZ:_dT5mGw3ltHk9uGT23KLCFXUDi_EglTy0NQAwEuT1ds','2023-10-31 23:47:27.194248');
INSERT INTO "django_session" VALUES('2klcxg9x1wasz3qeql1dudmweh9maqpo','.eJxVjMsOwiAQRf-FtSFAeTgu3fcbyDCDUjWQlHZl_HdD0oVu7znnvkXEfStx73mNC4uL0OL0uyWkZ64D8APrvUlqdVuXJIciD9rl3Di_rof7d1Cwl1FbCP7M2obkQDnImIkswc0Eb1IKnmzSToFHdAEmNeEUDAJ5dobZoPh8AdgmN6s:1qt4cf:TrZh7UsGkjUBSu10N_E_vmAqStAk6V2_oEP7RGCSx60','2023-11-01 11:21:57.272421');
INSERT INTO "django_session" VALUES('gffhhfeshhz5v9inv7jpd4b1ud4k9gqw','.eJxVjMsOwiAQRf-FtSFAeTgu3fcbyDCDUjWQlHZl_HdD0oVu7znnvkXEfStx73mNC4uL0OL0uyWkZ64D8APrvUlqdVuXJIciD9rl3Di_rof7d1Cwl1FbCP7M2obkQDnImIkswc0Eb1IKnmzSToFHdAEmNeEUDAJ5dobZoPh8AdgmN6s:1qt4qM:Aq52pR8ANHuMPuBb7cAXJq1uDyPMoUCHDtS-eZOR0K4','2023-11-01 11:36:06.453133');
INSERT INTO "django_session" VALUES('ms4bolp48ndb99wfzzwb6moxdhph4ba4','.eJxVjMsOwiAQRf-FtSFAeTgu3fcbyDCDUjWQlHZl_HdD0oVu7znnvkXEfStx73mNC4uL0OL0uyWkZ64D8APrvUlqdVuXJIciD9rl3Di_rof7d1Cwl1FbCP7M2obkQDnImIkswc0Eb1IKnmzSToFHdAEmNeEUDAJ5dobZoPh8AdgmN6s:1qtSAQ:sOS9F9e5zK3NyCmMtEl_Z99Skt6xG5lzOFOJ-9mH7ZQ','2023-11-02 12:30:22.604306');
CREATE UNIQUE INDEX "auth_group_permissions_group_id_permission_id_0cd325b0_uniq" ON "auth_group_permissions" ("group_id", "permission_id");
CREATE INDEX IF NOT EXISTS "auth_group_permissions_group_id_b120cbf9" ON "auth_group_permissions" ("group_id");
CREATE INDEX IF NOT EXISTS "auth_group_permissions_permission_id_84c5c92e" ON "auth_group_permissions" ("permission_id");
CREATE UNIQUE INDEX "auth_user_groups_user_id_group_id_94350c0c_uniq" ON "auth_user_groups" ("user_id", "group_id");
CREATE INDEX IF NOT EXISTS "auth_user_groups_user_id_6a12ed8b" ON "auth_user_groups" ("user_id");
CREATE INDEX IF NOT EXISTS "auth_user_groups_group_id_97559544" ON "auth_user_groups" ("group_id");
CREATE UNIQUE INDEX "auth_user_user_permissions_user_id_permission_id_14a6b632_uniq" ON "auth_user_user_permissions" ("user_id", "permission_id");
CREATE INDEX IF NOT EXISTS "auth_user_user_permissions_user_id_a95ead1b" ON "auth_user_user_permissions" ("user_id");
CREATE INDEX IF NOT EXISTS "auth_user_user_permissions_permission_id_1fbb5f2c" ON "auth_user_user_permissions" ("permission_id");
CREATE INDEX IF NOT EXISTS "django_admin_log_content_type_id_c4bce8eb" ON "django_admin_log" ("content_type_id");
CREATE INDEX IF NOT EXISTS "django_admin_log_user_id_c564eba6" ON "django_admin_log" ("user_id");
CREATE UNIQUE INDEX "django_content_type_app_label_model_76bd3d3b_uniq" ON "django_content_type" ("app_label", "model");
CREATE UNIQUE INDEX "auth_permission_content_type_id_codename_01ab375a_uniq" ON "auth_permission" ("content_type_id", "codename");
CREATE INDEX IF NOT EXISTS "auth_permission_content_type_id_2f476e4b" ON "auth_permission" ("content_type_id");
CREATE INDEX IF NOT EXISTS "relatorio_veiculo_cliente_id_847f48f6" ON "relatorio_veiculo" ("cliente_id");
CREATE INDEX IF NOT EXISTS "relatorio_dadoscompartimento_relatorio_id_3550e66d" ON "relatorio_dadoscompartimento" ("relatorio_id");
CREATE INDEX IF NOT EXISTS "relatorio_dadoscompartimento_ultimo_produto_transportado_id_78d2785b" ON "relatorio_dadoscompartimento" ("ultimo_produto_transportado_id");
CREATE INDEX IF NOT EXISTS "relatorio_relatoriodescontaminacao_veiculo_id_c8046252" ON "relatorio_relatoriodescontaminacao" ("veiculo_id");
CREATE UNIQUE INDEX "relatorio_relatoriodescontaminacao_finalidade_descontaminacao_relatoriodescontaminacao_id_finalidade_id_148358ca_uniq" ON "relatorio_relatoriodescontaminacao_finalidade_descontaminacao" ("relatoriodescontaminacao_id", "finalidade_id");
CREATE INDEX IF NOT EXISTS "relatorio_relatoriodescontaminacao_finalidade_descontaminacao_relatoriodescontaminacao_id_4de0d019" ON "relatorio_relatoriodescontaminacao_finalidade_descontaminacao" ("relatoriodescontaminacao_id");
CREATE INDEX IF NOT EXISTS "relatorio_relatoriodescontaminacao_finalidade_descontaminacao_finalidade_id_3fb502b5" ON "relatorio_relatoriodescontaminacao_finalidade_descontaminacao" ("finalidade_id");
CREATE INDEX IF NOT EXISTS "django_session_expire_date_a5c62663" ON "django_session" ("expire_date");
CREATE TABLE IF NOT EXISTS "relatorio_cliente" ("id" integer NOT NULL PRIMARY KEY AUTOINCREMENT, "nome_completo" varchar(200) NOT NULL, "proprietario" varchar(200) NOT NULL, "CNPJ" varchar(20) NULL, "CPF" varchar(20) NULL, "RG" varchar(20) NULL, "whatsapp" bigint unsigned NULL UNIQUE CHECK ("whatsapp" >= 0));
INSERT INTO "relatorio_cliente" VALUES(1,'Teste','','12.528.708/0001-07',NULL,NULL,NULL);
INSERT INTO "relatorio_cliente" VALUES(2,'POSTO MILENA LTDA','POSTO MILENA LTDA','01673698000179',NULL,NULL,NULL);
INSERT INTO "relatorio_cliente" VALUES(3,'POSTO TIGRÃO LTDA','','03.623.054/0002-82',NULL,NULL,NULL);
INSERT INTO "relatorio_cliente" VALUES(4,'TRANSPORTADORA BEGE LTDA ','','07.031.501/0001-84',NULL,NULL,NULL);
CREATE UNIQUE INDEX "auth_group_permissions_group_id_permission_id_0cd325b0_uniq" ON "auth_group_permissions" ("group_id", "permission_id");
CREATE INDEX IF NOT EXISTS "auth_group_permissions_group_id_b120cbf9" ON "auth_group_permissions" ("group_id");
CREATE INDEX IF NOT EXISTS "auth_group_permissions_permission_id_84c5c92e" ON "auth_group_permissions" ("permission_id");
CREATE UNIQUE INDEX "auth_user_groups_user_id_group_id_94350c0c_uniq" ON "auth_user_groups" ("user_id", "group_id");
CREATE INDEX IF NOT EXISTS "auth_user_groups_user_id_6a12ed8b" ON "auth_user_groups" ("user_id");
CREATE INDEX IF NOT EXISTS "auth_user_groups_group_id_97559544" ON "auth_user_groups" ("group_id");
CREATE UNIQUE INDEX "auth_user_user_permissions_user_id_permission_id_14a6b632_uniq" ON "auth_user_user_permissions" ("user_id", "permission_id");
CREATE INDEX IF NOT EXISTS "auth_user_user_permissions_user_id_a95ead1b" ON "auth_user_user_permissions" ("user_id");
CREATE INDEX IF NOT EXISTS "auth_user_user_permissions_permission_id_1fbb5f2c" ON "auth_user_user_permissions" ("permission_id");
CREATE INDEX IF NOT EXISTS "django_admin_log_content_type_id_c4bce8eb" ON "django_admin_log" ("content_type_id");
CREATE INDEX IF NOT EXISTS "django_admin_log_user_id_c564eba6" ON "django_admin_log" ("user_id");
CREATE UNIQUE INDEX "django_content_type_app_label_model_76bd3d3b_uniq" ON "django_content_type" ("app_label", "model");
CREATE UNIQUE INDEX "auth_permission_content_type_id_codename_01ab375a_uniq" ON "auth_permission" ("content_type_id", "codename");
CREATE INDEX IF NOT EXISTS "auth_permission_content_type_id_2f476e4b" ON "auth_permission" ("content_type_id");
CREATE INDEX IF NOT EXISTS "relatorio_veiculo_cliente_id_847f48f6" ON "relatorio_veiculo" ("cliente_id");
CREATE INDEX IF NOT EXISTS "relatorio_dadoscompartimento_relatorio_id_3550e66d" ON "relatorio_dadoscompartimento" ("relatorio_id");
CREATE INDEX IF NOT EXISTS "relatorio_dadoscompartimento_ultimo_produto_transportado_id_78d2785b" ON "relatorio_dadoscompartimento" ("ultimo_produto_transportado_id");
CREATE INDEX IF NOT EXISTS "relatorio_relatoriodescontaminacao_veiculo_id_c8046252" ON "relatorio_relatoriodescontaminacao" ("veiculo_id");
CREATE UNIQUE INDEX "relatorio_relatoriodescontaminacao_finalidade_descontaminacao_relatoriodescontaminacao_id_finalidade_id_148358ca_uniq" ON "relatorio_relatoriodescontaminacao_finalidade_descontaminacao" ("relatoriodescontaminacao_id", "finalidade_id");
CREATE INDEX IF NOT EXISTS "relatorio_relatoriodescontaminacao_finalidade_descontaminacao_relatoriodescontaminacao_id_4de0d019" ON "relatorio_relatoriodescontaminacao_finalidade_descontaminacao" ("relatoriodescontaminacao_id");
CREATE INDEX IF NOT EXISTS "relatorio_relatoriodescontaminacao_finalidade_descontaminacao_finalidade_id_3fb502b5" ON "relatorio_relatoriodescontaminacao_finalidade_descontaminacao" ("finalidade_id");
CREATE INDEX IF NOT EXISTS "django_session_expire_date_a5c62663" ON "django_session" ("expire_date");
CREATE TABLE IF NOT EXISTS "relatorio_dadoscompartimento" ("id" integer NOT NULL PRIMARY KEY AUTOINCREMENT, "numero_compartimento" integer NOT NULL, "numeroONU" integer NOT NULL, "classe_risco" varchar(100) NOT NULL, "pressao_vapor" varchar(10) NOT NULL, "massa_vapor" varchar(10) NOT NULL, "volume" integer NOT NULL, "neutralizante" varchar(200) NOT NULL, "relatorio_id" bigint NOT NULL REFERENCES "relatorio_relatoriodescontaminacao" ("id") DEFERRABLE INITIALLY DEFERRED, "ultimo_produto_transportado_id" bigint NOT NULL REFERENCES "relatorio_produtotransportado" ("id") DEFERRABLE INITIALLY DEFERRED, "volumeAr" integer NOT NULL, "tempo" integer NOT NULL);
INSERT INTO "relatorio_dadoscompartimento" VALUES(1,1,3475,'3','NA','NA',5,'NA',1,1,840,60);
INSERT INTO "relatorio_dadoscompartimento" VALUES(2,2,3475,'3','NA','NA',5,'NA',1,1,840,60);
INSERT INTO "relatorio_dadoscompartimento" VALUES(3,3,3475,'3','NA','NA',5,'NA',1,1,840,60);
INSERT INTO "relatorio_dadoscompartimento" VALUES(4,1,1202,'3','NA','NA',15,'NA',2,2,840,60);
INSERT INTO "relatorio_dadoscompartimento" VALUES(5,2,1202,'3','NA','NA',7,'NA',2,2,840,60);
INSERT INTO "relatorio_dadoscompartimento" VALUES(6,1,1202,'3','NA','NA',26,'NA',6,2,840,60);
INSERT INTO "relatorio_dadoscompartimento" VALUES(7,1,1202,'3','NA','NA',36,'NA',8,2,840,60);
INSERT INTO "relatorio_dadoscompartimento" VALUES(11,1,1202,'3','NA','NA',25,'NA',9,2,840,60);
INSERT INTO "relatorio_dadoscompartimento" VALUES(12,1,1202,'3','NA','NA',35,'NA',10,2,840,60);
CREATE UNIQUE INDEX "auth_group_permissions_group_id_permission_id_0cd325b0_uniq" ON "auth_group_permissions" ("group_id", "permission_id");
CREATE INDEX IF NOT EXISTS "auth_group_permissions_group_id_b120cbf9" ON "auth_group_permissions" ("group_id");
CREATE INDEX IF NOT EXISTS "auth_group_permissions_permission_id_84c5c92e" ON "auth_group_permissions" ("permission_id");
CREATE UNIQUE INDEX "auth_user_groups_user_id_group_id_94350c0c_uniq" ON "auth_user_groups" ("user_id", "group_id");
CREATE INDEX IF NOT EXISTS "auth_user_groups_user_id_6a12ed8b" ON "auth_user_groups" ("user_id");
CREATE INDEX IF NOT EXISTS "auth_user_groups_group_id_97559544" ON "auth_user_groups" ("group_id");
CREATE UNIQUE INDEX "auth_user_user_permissions_user_id_permission_id_14a6b632_uniq" ON "auth_user_user_permissions" ("user_id", "permission_id");
CREATE INDEX IF NOT EXISTS "auth_user_user_permissions_user_id_a95ead1b" ON "auth_user_user_permissions" ("user_id");
CREATE INDEX IF NOT EXISTS "auth_user_user_permissions_permission_id_1fbb5f2c" ON "auth_user_user_permissions" ("permission_id");
CREATE INDEX IF NOT EXISTS "django_admin_log_content_type_id_c4bce8eb" ON "django_admin_log" ("content_type_id");
CREATE INDEX IF NOT EXISTS "django_admin_log_user_id_c564eba6" ON "django_admin_log" ("user_id");
CREATE UNIQUE INDEX "django_content_type_app_label_model_76bd3d3b_uniq" ON "django_content_type" ("app_label", "model");
CREATE UNIQUE INDEX "auth_permission_content_type_id_codename_01ab375a_uniq" ON "auth_permission" ("content_type_id", "codename");
CREATE INDEX IF NOT EXISTS "auth_permission_content_type_id_2f476e4b" ON "auth_permission" ("content_type_id");
CREATE INDEX IF NOT EXISTS "relatorio_veiculo_cliente_id_847f48f6" ON "relatorio_veiculo" ("cliente_id");
CREATE INDEX IF NOT EXISTS "relatorio_dadoscompartimento_relatorio_id_3550e66d" ON "relatorio_dadoscompartimento" ("relatorio_id");
CREATE INDEX IF NOT EXISTS "relatorio_dadoscompartimento_ultimo_produto_transportado_id_78d2785b" ON "relatorio_dadoscompartimento" ("ultimo_produto_transportado_id");
CREATE INDEX IF NOT EXISTS "relatorio_relatoriodescontaminacao_veiculo_id_c8046252" ON "relatorio_relatoriodescontaminacao" ("veiculo_id");
CREATE UNIQUE INDEX "relatorio_relatoriodescontaminacao_finalidade_descontaminacao_relatoriodescontaminacao_id_finalidade_id_148358ca_uniq" ON "relatorio_relatoriodescontaminacao_finalidade_descontaminacao" ("relatoriodescontaminacao_id", "finalidade_id");
CREATE INDEX IF NOT EXISTS "relatorio_relatoriodescontaminacao_finalidade_descontaminacao_relatoriodescontaminacao_id_4de0d019" ON "relatorio_relatoriodescontaminacao_finalidade_descontaminacao" ("relatoriodescontaminacao_id");
CREATE INDEX IF NOT EXISTS "relatorio_relatoriodescontaminacao_finalidade_descontaminacao_finalidade_id_3fb502b5" ON "relatorio_relatoriodescontaminacao_finalidade_descontaminacao" ("finalidade_id");
CREATE INDEX IF NOT EXISTS "django_session_expire_date_a5c62663" ON "django_session" ("expire_date");
CREATE TABLE IF NOT EXISTS "relatorio_equipamento" ("id" integer NOT NULL PRIMARY KEY AUTOINCREMENT, "nome" varchar(200) NOT NULL, "calibracao" date NOT NULL, "numero_serie" varchar(100) NOT NULL, "patrimonio" varchar(5) NOT NULL);
INSERT INTO "relatorio_equipamento" VALUES(1,'Oxi','2022-08-22','H210911223','MED01');
CREATE UNIQUE INDEX "auth_group_permissions_group_id_permission_id_0cd325b0_uniq" ON "auth_group_permissions" ("group_id", "permission_id");
CREATE INDEX IF NOT EXISTS "auth_group_permissions_group_id_b120cbf9" ON "auth_group_permissions" ("group_id");
CREATE INDEX IF NOT EXISTS "auth_group_permissions_permission_id_84c5c92e" ON "auth_group_permissions" ("permission_id");
CREATE UNIQUE INDEX "auth_user_groups_user_id_group_id_94350c0c_uniq" ON "auth_user_groups" ("user_id", "group_id");
CREATE INDEX IF NOT EXISTS "auth_user_groups_user_id_6a12ed8b" ON "auth_user_groups" ("user_id");
CREATE INDEX IF NOT EXISTS "auth_user_groups_group_id_97559544" ON "auth_user_groups" ("group_id");
CREATE UNIQUE INDEX "auth_user_user_permissions_user_id_permission_id_14a6b632_uniq" ON "auth_user_user_permissions" ("user_id", "permission_id");
CREATE INDEX IF NOT EXISTS "auth_user_user_permissions_user_id_a95ead1b" ON "auth_user_user_permissions" ("user_id");
CREATE INDEX IF NOT EXISTS "auth_user_user_permissions_permission_id_1fbb5f2c" ON "auth_user_user_permissions" ("permission_id");
CREATE INDEX IF NOT EXISTS "django_admin_log_content_type_id_c4bce8eb" ON "django_admin_log" ("content_type_id");
CREATE INDEX IF NOT EXISTS "django_admin_log_user_id_c564eba6" ON "django_admin_log" ("user_id");
CREATE UNIQUE INDEX "django_content_type_app_label_model_76bd3d3b_uniq" ON "django_content_type" ("app_label", "model");
CREATE UNIQUE INDEX "auth_permission_content_type_id_codename_01ab375a_uniq" ON "auth_permission" ("content_type_id", "codename");
CREATE INDEX IF NOT EXISTS "auth_permission_content_type_id_2f476e4b" ON "auth_permission" ("content_type_id");
CREATE INDEX IF NOT EXISTS "relatorio_veiculo_cliente_id_847f48f6" ON "relatorio_veiculo" ("cliente_id");
CREATE INDEX IF NOT EXISTS "relatorio_dadoscompartimento_relatorio_id_3550e66d" ON "relatorio_dadoscompartimento" ("relatorio_id");
CREATE INDEX IF NOT EXISTS "relatorio_dadoscompartimento_ultimo_produto_transportado_id_78d2785b" ON "relatorio_dadoscompartimento" ("ultimo_produto_transportado_id");
CREATE INDEX IF NOT EXISTS "relatorio_relatoriodescontaminacao_veiculo_id_c8046252" ON "relatorio_relatoriodescontaminacao" ("veiculo_id");
CREATE UNIQUE INDEX "relatorio_relatoriodescontaminacao_finalidade_descontaminacao_relatoriodescontaminacao_id_finalidade_id_148358ca_uniq" ON "relatorio_relatoriodescontaminacao_finalidade_descontaminacao" ("relatoriodescontaminacao_id", "finalidade_id");
CREATE INDEX IF NOT EXISTS "relatorio_relatoriodescontaminacao_finalidade_descontaminacao_relatoriodescontaminacao_id_4de0d019" ON "relatorio_relatoriodescontaminacao_finalidade_descontaminacao" ("relatoriodescontaminacao_id");
CREATE INDEX IF NOT EXISTS "relatorio_relatoriodescontaminacao_finalidade_descontaminacao_finalidade_id_3fb502b5" ON "relatorio_relatoriodescontaminacao_finalidade_descontaminacao" ("finalidade_id");
CREATE INDEX IF NOT EXISTS "django_session_expire_date_a5c62663" ON "django_session" ("expire_date");
CREATE TABLE IF NOT EXISTS "relatorio_finalidade" ("id" integer NOT NULL PRIMARY KEY AUTOINCREMENT, "finalidade" varchar(50) NULL);
INSERT INTO "relatorio_finalidade" VALUES(1,'1');
INSERT INTO "relatorio_finalidade" VALUES(2,'2');
INSERT INTO "relatorio_finalidade" VALUES(3,'3');
INSERT INTO "relatorio_finalidade" VALUES(4,'4');
INSERT INTO "relatorio_finalidade" VALUES(5,'5');
CREATE UNIQUE INDEX "auth_group_permissions_group_id_permission_id_0cd325b0_uniq" ON "auth_group_permissions" ("group_id", "permission_id");
CREATE INDEX IF NOT EXISTS "auth_group_permissions_group_id_b120cbf9" ON "auth_group_permissions" ("group_id");
CREATE INDEX IF NOT EXISTS "auth_group_permissions_permission_id_84c5c92e" ON "auth_group_permissions" ("permission_id");
CREATE UNIQUE INDEX "auth_user_groups_user_id_group_id_94350c0c_uniq" ON "auth_user_groups" ("user_id", "group_id");
CREATE INDEX IF NOT EXISTS "auth_user_groups_user_id_6a12ed8b" ON "auth_user_groups" ("user_id");
CREATE INDEX IF NOT EXISTS "auth_user_groups_group_id_97559544" ON "auth_user_groups" ("group_id");
CREATE UNIQUE INDEX "auth_user_user_permissions_user_id_permission_id_14a6b632_uniq" ON "auth_user_user_permissions" ("user_id", "permission_id");
CREATE INDEX IF NOT EXISTS "auth_user_user_permissions_user_id_a95ead1b" ON "auth_user_user_permissions" ("user_id");
CREATE INDEX IF NOT EXISTS "auth_user_user_permissions_permission_id_1fbb5f2c" ON "auth_user_user_permissions" ("permission_id");
CREATE INDEX IF NOT EXISTS "django_admin_log_content_type_id_c4bce8eb" ON "django_admin_log" ("content_type_id");
CREATE INDEX IF NOT EXISTS "django_admin_log_user_id_c564eba6" ON "django_admin_log" ("user_id");
CREATE UNIQUE INDEX "django_content_type_app_label_model_76bd3d3b_uniq" ON "django_content_type" ("app_label", "model");
CREATE UNIQUE INDEX "auth_permission_content_type_id_codename_01ab375a_uniq" ON "auth_permission" ("content_type_id", "codename");
CREATE INDEX IF NOT EXISTS "auth_permission_content_type_id_2f476e4b" ON "auth_permission" ("content_type_id");
CREATE INDEX IF NOT EXISTS "relatorio_veiculo_cliente_id_847f48f6" ON "relatorio_veiculo" ("cliente_id");
CREATE INDEX IF NOT EXISTS "relatorio_dadoscompartimento_relatorio_id_3550e66d" ON "relatorio_dadoscompartimento" ("relatorio_id");
CREATE INDEX IF NOT EXISTS "relatorio_dadoscompartimento_ultimo_produto_transportado_id_78d2785b" ON "relatorio_dadoscompartimento" ("ultimo_produto_transportado_id");
CREATE INDEX IF NOT EXISTS "relatorio_relatoriodescontaminacao_veiculo_id_c8046252" ON "relatorio_relatoriodescontaminacao" ("veiculo_id");
CREATE UNIQUE INDEX "relatorio_relatoriodescontaminacao_finalidade_descontaminacao_relatoriodescontaminacao_id_finalidade_id_148358ca_uniq" ON "relatorio_relatoriodescontaminacao_finalidade_descontaminacao" ("relatoriodescontaminacao_id", "finalidade_id");
CREATE INDEX IF NOT EXISTS "relatorio_relatoriodescontaminacao_finalidade_descontaminacao_relatoriodescontaminacao_id_4de0d019" ON "relatorio_relatoriodescontaminacao_finalidade_descontaminacao" ("relatoriodescontaminacao_id");
CREATE INDEX IF NOT EXISTS "relatorio_relatoriodescontaminacao_finalidade_descontaminacao_finalidade_id_3fb502b5" ON "relatorio_relatoriodescontaminacao_finalidade_descontaminacao" ("finalidade_id");
CREATE INDEX IF NOT EXISTS "django_session_expire_date_a5c62663" ON "django_session" ("expire_date");
CREATE TABLE IF NOT EXISTS "relatorio_produtotransportado" ("id" integer NOT NULL PRIMARY KEY AUTOINCREMENT, "produto" varchar(200) NOT NULL, "numero_onu" integer NOT NULL);
INSERT INTO "relatorio_produtotransportado" VALUES(1,'GAS-ETANOL',3475);
INSERT INTO "relatorio_produtotransportado" VALUES(2,'DIESEL',1202);
INSERT INTO "relatorio_produtotransportado" VALUES(3,'GASOLINA',1203);
INSERT INTO "relatorio_produtotransportado" VALUES(4,'ETANOL',1170);
INSERT INTO "relatorio_produtotransportado" VALUES(5,'BENZENO',1114);
INSERT INTO "relatorio_produtotransportado" VALUES(6,'QUEROSENE',1223);
INSERT INTO "relatorio_produtotransportado" VALUES(7,'METANOL',1230);
INSERT INTO "relatorio_produtotransportado" VALUES(8,'TOLUENO',1294);
INSERT INTO "relatorio_produtotransportado" VALUES(9,'XILENOS',1307);
INSERT INTO "relatorio_produtotransportado" VALUES(10,'ÁCIDO CLORÍDRICO',1789);
INSERT INTO "relatorio_produtotransportado" VALUES(11,'LÍQUIDO INFLAMÁVEL, N.E.',1993);
CREATE UNIQUE INDEX "auth_group_permissions_group_id_permission_id_0cd325b0_uniq" ON "auth_group_permissions" ("group_id", "permission_id");
CREATE INDEX IF NOT EXISTS "auth_group_permissions_group_id_b120cbf9" ON "auth_group_permissions" ("group_id");
CREATE INDEX IF NOT EXISTS "auth_group_permissions_permission_id_84c5c92e" ON "auth_group_permissions" ("permission_id");
CREATE UNIQUE INDEX "auth_user_groups_user_id_group_id_94350c0c_uniq" ON "auth_user_groups" ("user_id", "group_id");
CREATE INDEX IF NOT EXISTS "auth_user_groups_user_id_6a12ed8b" ON "auth_user_groups" ("user_id");
CREATE INDEX IF NOT EXISTS "auth_user_groups_group_id_97559544" ON "auth_user_groups" ("group_id");
CREATE UNIQUE INDEX "auth_user_user_permissions_user_id_permission_id_14a6b632_uniq" ON "auth_user_user_permissions" ("user_id", "permission_id");
CREATE INDEX IF NOT EXISTS "auth_user_user_permissions_user_id_a95ead1b" ON "auth_user_user_permissions" ("user_id");
CREATE INDEX IF NOT EXISTS "auth_user_user_permissions_permission_id_1fbb5f2c" ON "auth_user_user_permissions" ("permission_id");
CREATE INDEX IF NOT EXISTS "django_admin_log_content_type_id_c4bce8eb" ON "django_admin_log" ("content_type_id");
CREATE INDEX IF NOT EXISTS "django_admin_log_user_id_c564eba6" ON "django_admin_log" ("user_id");
CREATE UNIQUE INDEX "django_content_type_app_label_model_76bd3d3b_uniq" ON "django_content_type" ("app_label", "model");
CREATE UNIQUE INDEX "auth_permission_content_type_id_codename_01ab375a_uniq" ON "auth_permission" ("content_type_id", "codename");
CREATE INDEX IF NOT EXISTS "auth_permission_content_type_id_2f476e4b" ON "auth_permission" ("content_type_id");
CREATE INDEX IF NOT EXISTS "relatorio_veiculo_cliente_id_847f48f6" ON "relatorio_veiculo" ("cliente_id");
CREATE INDEX IF NOT EXISTS "relatorio_dadoscompartimento_relatorio_id_3550e66d" ON "relatorio_dadoscompartimento" ("relatorio_id");
CREATE INDEX IF NOT EXISTS "relatorio_dadoscompartimento_ultimo_produto_transportado_id_78d2785b" ON "relatorio_dadoscompartimento" ("ultimo_produto_transportado_id");
CREATE INDEX IF NOT EXISTS "relatorio_relatoriodescontaminacao_veiculo_id_c8046252" ON "relatorio_relatoriodescontaminacao" ("veiculo_id");
CREATE UNIQUE INDEX "relatorio_relatoriodescontaminacao_finalidade_descontaminacao_relatoriodescontaminacao_id_finalidade_id_148358ca_uniq" ON "relatorio_relatoriodescontaminacao_finalidade_descontaminacao" ("relatoriodescontaminacao_id", "finalidade_id");
CREATE INDEX IF NOT EXISTS "relatorio_relatoriodescontaminacao_finalidade_descontaminacao_relatoriodescontaminacao_id_4de0d019" ON "relatorio_relatoriodescontaminacao_finalidade_descontaminacao" ("relatoriodescontaminacao_id");
CREATE INDEX IF NOT EXISTS "relatorio_relatoriodescontaminacao_finalidade_descontaminacao_finalidade_id_3fb502b5" ON "relatorio_relatoriodescontaminacao_finalidade_descontaminacao" ("finalidade_id");
CREATE INDEX IF NOT EXISTS "django_session_expire_date_a5c62663" ON "django_session" ("expire_date");
CREATE TABLE IF NOT EXISTS "relatorio_relatoriodescontaminacao" ("id" integer NOT NULL PRIMARY KEY AUTOINCREMENT, "processo_descontaminacao" varchar(100) NULL, "finalidade_descontaminacao_outros" varchar(50) NULL, "tipo_equipamento" varchar(10) NULL, "prazo_validade" integer NULL, "lacre" varchar(10) NULL, "numero_lacre" integer NULL, "observacoes" text NULL, "data" date NULL, "veiculo_id" bigint NOT NULL REFERENCES "relatorio_veiculo" ("id") DEFERRABLE INITIALLY DEFERRED);
INSERT INTO "relatorio_relatoriodescontaminacao" VALUES(1,'2',NULL,'1',24,NULL,NULL,NULL,'2023-10-17',1);
INSERT INTO "relatorio_relatoriodescontaminacao" VALUES(2,'1',NULL,'2',24,NULL,NULL,NULL,'2023-10-18',2);
INSERT INTO "relatorio_relatoriodescontaminacao" VALUES(3,NULL,NULL,NULL,0,NULL,NULL,NULL,'2023-10-18',3);
INSERT INTO "relatorio_relatoriodescontaminacao" VALUES(4,NULL,NULL,NULL,0,NULL,NULL,NULL,'2023-10-18',3);
INSERT INTO "relatorio_relatoriodescontaminacao" VALUES(5,NULL,NULL,NULL,0,NULL,NULL,NULL,'2023-10-18',3);
INSERT INTO "relatorio_relatoriodescontaminacao" VALUES(6,'1',NULL,'2',24,NULL,NULL,NULL,'2023-10-19',4);
INSERT INTO "relatorio_relatoriodescontaminacao" VALUES(8,'1',NULL,'1',24,NULL,NULL,NULL,'2023-10-19',5);
INSERT INTO "relatorio_relatoriodescontaminacao" VALUES(9,'1',NULL,'2',24,NULL,NULL,NULL,'2023-10-19',6);
INSERT INTO "relatorio_relatoriodescontaminacao" VALUES(10,'1',NULL,'2',24,NULL,NULL,NULL,'2023-10-19',7);
CREATE UNIQUE INDEX "auth_group_permissions_group_id_permission_id_0cd325b0_uniq" ON "auth_group_permissions" ("group_id", "permission_id");
CREATE INDEX IF NOT EXISTS "auth_group_permissions_group_id_b120cbf9" ON "auth_group_permissions" ("group_id");
CREATE INDEX IF NOT EXISTS "auth_group_permissions_permission_id_84c5c92e" ON "auth_group_permissions" ("permission_id");
CREATE UNIQUE INDEX "auth_user_groups_user_id_group_id_94350c0c_uniq" ON "auth_user_groups" ("user_id", "group_id");
CREATE INDEX IF NOT EXISTS "auth_user_groups_user_id_6a12ed8b" ON "auth_user_groups" ("user_id");
CREATE INDEX IF NOT EXISTS "auth_user_groups_group_id_97559544" ON "auth_user_groups" ("group_id");
CREATE UNIQUE INDEX "auth_user_user_permissions_user_id_permission_id_14a6b632_uniq" ON "auth_user_user_permissions" ("user_id", "permission_id");
CREATE INDEX IF NOT EXISTS "auth_user_user_permissions_user_id_a95ead1b" ON "auth_user_user_permissions" ("user_id");
CREATE INDEX IF NOT EXISTS "auth_user_user_permissions_permission_id_1fbb5f2c" ON "auth_user_user_permissions" ("permission_id");
CREATE INDEX IF NOT EXISTS "django_admin_log_content_type_id_c4bce8eb" ON "django_admin_log" ("content_type_id");
CREATE INDEX IF NOT EXISTS "django_admin_log_user_id_c564eba6" ON "django_admin_log" ("user_id");
CREATE UNIQUE INDEX "django_content_type_app_label_model_76bd3d3b_uniq" ON "django_content_type" ("app_label", "model");
CREATE UNIQUE INDEX "auth_permission_content_type_id_codename_01ab375a_uniq" ON "auth_permission" ("content_type_id", "codename");
CREATE INDEX IF NOT EXISTS "auth_permission_content_type_id_2f476e4b" ON "auth_permission" ("content_type_id");
CREATE INDEX IF NOT EXISTS "relatorio_veiculo_cliente_id_847f48f6" ON "relatorio_veiculo" ("cliente_id");
CREATE INDEX IF NOT EXISTS "relatorio_dadoscompartimento_relatorio_id_3550e66d" ON "relatorio_dadoscompartimento" ("relatorio_id");
CREATE INDEX IF NOT EXISTS "relatorio_dadoscompartimento_ultimo_produto_transportado_id_78d2785b" ON "relatorio_dadoscompartimento" ("ultimo_produto_transportado_id");
CREATE INDEX IF NOT EXISTS "relatorio_relatoriodescontaminacao_veiculo_id_c8046252" ON "relatorio_relatoriodescontaminacao" ("veiculo_id");
CREATE UNIQUE INDEX "relatorio_relatoriodescontaminacao_finalidade_descontaminacao_relatoriodescontaminacao_id_finalidade_id_148358ca_uniq" ON "relatorio_relatoriodescontaminacao_finalidade_descontaminacao" ("relatoriodescontaminacao_id", "finalidade_id");
CREATE INDEX IF NOT EXISTS "relatorio_relatoriodescontaminacao_finalidade_descontaminacao_relatoriodescontaminacao_id_4de0d019" ON "relatorio_relatoriodescontaminacao_finalidade_descontaminacao" ("relatoriodescontaminacao_id");
CREATE INDEX IF NOT EXISTS "relatorio_relatoriodescontaminacao_finalidade_descontaminacao_finalidade_id_3fb502b5" ON "relatorio_relatoriodescontaminacao_finalidade_descontaminacao" ("finalidade_id");
CREATE INDEX IF NOT EXISTS "django_session_expire_date_a5c62663" ON "django_session" ("expire_date");
CREATE TABLE IF NOT EXISTS "relatorio_relatoriodescontaminacao_finalidade_descontaminacao" ("id" integer NOT NULL PRIMARY KEY AUTOINCREMENT, "relatoriodescontaminacao_id" bigint NOT NULL REFERENCES "relatorio_relatoriodescontaminacao" ("id") DEFERRABLE INITIALLY DEFERRED, "finalidade_id" bigint NOT NULL REFERENCES "relatorio_finalidade" ("id") DEFERRABLE INITIALLY DEFERRED);
INSERT INTO "relatorio_relatoriodescontaminacao_finalidade_descontaminacao" VALUES(3,2,1);
INSERT INTO "relatorio_relatoriodescontaminacao_finalidade_descontaminacao" VALUES(8,1,1);
INSERT INTO "relatorio_relatoriodescontaminacao_finalidade_descontaminacao" VALUES(9,1,2);
INSERT INTO "relatorio_relatoriodescontaminacao_finalidade_descontaminacao" VALUES(10,6,5);
INSERT INTO "relatorio_relatoriodescontaminacao_finalidade_descontaminacao" VALUES(17,8,5);
INSERT INTO "relatorio_relatoriodescontaminacao_finalidade_descontaminacao" VALUES(18,9,5);
INSERT INTO "relatorio_relatoriodescontaminacao_finalidade_descontaminacao" VALUES(19,10,5);
CREATE UNIQUE INDEX "auth_group_permissions_group_id_permission_id_0cd325b0_uniq" ON "auth_group_permissions" ("group_id", "permission_id");
CREATE INDEX IF NOT EXISTS "auth_group_permissions_group_id_b120cbf9" ON "auth_group_permissions" ("group_id");
CREATE INDEX IF NOT EXISTS "auth_group_permissions_permission_id_84c5c92e" ON "auth_group_permissions" ("permission_id");
CREATE UNIQUE INDEX "auth_user_groups_user_id_group_id_94350c0c_uniq" ON "auth_user_groups" ("user_id", "group_id");
CREATE INDEX IF NOT EXISTS "auth_user_groups_user_id_6a12ed8b" ON "auth_user_groups" ("user_id");
CREATE INDEX IF NOT EXISTS "auth_user_groups_group_id_97559544" ON "auth_user_groups" ("group_id");
CREATE UNIQUE INDEX "auth_user_user_permissions_user_id_permission_id_14a6b632_uniq" ON "auth_user_user_permissions" ("user_id", "permission_id");
CREATE INDEX IF NOT EXISTS "auth_user_user_permissions_user_id_a95ead1b" ON "auth_user_user_permissions" ("user_id");
CREATE INDEX IF NOT EXISTS "auth_user_user_permissions_permission_id_1fbb5f2c" ON "auth_user_user_permissions" ("permission_id");
CREATE INDEX IF NOT EXISTS "django_admin_log_content_type_id_c4bce8eb" ON "django_admin_log" ("content_type_id");
CREATE INDEX IF NOT EXISTS "django_admin_log_user_id_c564eba6" ON "django_admin_log" ("user_id");
CREATE UNIQUE INDEX "django_content_type_app_label_model_76bd3d3b_uniq" ON "django_content_type" ("app_label", "model");
CREATE UNIQUE INDEX "auth_permission_content_type_id_codename_01ab375a_uniq" ON "auth_permission" ("content_type_id", "codename");
CREATE INDEX IF NOT EXISTS "auth_permission_content_type_id_2f476e4b" ON "auth_permission" ("content_type_id");
CREATE INDEX IF NOT EXISTS "relatorio_veiculo_cliente_id_847f48f6" ON "relatorio_veiculo" ("cliente_id");
CREATE INDEX IF NOT EXISTS "relatorio_dadoscompartimento_relatorio_id_3550e66d" ON "relatorio_dadoscompartimento" ("relatorio_id");
CREATE INDEX IF NOT EXISTS "relatorio_dadoscompartimento_ultimo_produto_transportado_id_78d2785b" ON "relatorio_dadoscompartimento" ("ultimo_produto_transportado_id");
CREATE INDEX IF NOT EXISTS "relatorio_relatoriodescontaminacao_veiculo_id_c8046252" ON "relatorio_relatoriodescontaminacao" ("veiculo_id");
CREATE UNIQUE INDEX "relatorio_relatoriodescontaminacao_finalidade_descontaminacao_relatoriodescontaminacao_id_finalidade_id_148358ca_uniq" ON "relatorio_relatoriodescontaminacao_finalidade_descontaminacao" ("relatoriodescontaminacao_id", "finalidade_id");
CREATE INDEX IF NOT EXISTS "relatorio_relatoriodescontaminacao_finalidade_descontaminacao_relatoriodescontaminacao_id_4de0d019" ON "relatorio_relatoriodescontaminacao_finalidade_descontaminacao" ("relatoriodescontaminacao_id");
CREATE INDEX IF NOT EXISTS "relatorio_relatoriodescontaminacao_finalidade_descontaminacao_finalidade_id_3fb502b5" ON "relatorio_relatoriodescontaminacao_finalidade_descontaminacao" ("finalidade_id");
CREATE INDEX IF NOT EXISTS "django_session_expire_date_a5c62663" ON "django_session" ("expire_date");
CREATE TABLE IF NOT EXISTS "relatorio_veiculo" ("id" integer NOT NULL PRIMARY KEY AUTOINCREMENT, "placa" varchar(10) NOT NULL, "numero_compartimentos" integer NOT NULL, "cliente_id" bigint NOT NULL REFERENCES "relatorio_cliente" ("id") DEFERRABLE INITIALLY DEFERRED);
INSERT INTO "relatorio_veiculo" VALUES(1,'AMT-1234',3,1);
INSERT INTO "relatorio_veiculo" VALUES(2,'MWG2461',2,2);
INSERT INTO "relatorio_veiculo" VALUES(3,'MWH3806',1673698000179,2);
INSERT INTO "relatorio_veiculo" VALUES(4,'RAZ9H04',1,3);
INSERT INTO "relatorio_veiculo" VALUES(5,'RAZ9G84',1,3);
INSERT INTO "relatorio_veiculo" VALUES(6,'OAV3241',1,4);
INSERT INTO "relatorio_veiculo" VALUES(7,'OAV3131',1,4);
CREATE UNIQUE INDEX "auth_group_permissions_group_id_permission_id_0cd325b0_uniq" ON "auth_group_permissions" ("group_id", "permission_id");
CREATE INDEX IF NOT EXISTS "auth_group_permissions_group_id_b120cbf9" ON "auth_group_permissions" ("group_id");
CREATE INDEX IF NOT EXISTS "auth_group_permissions_permission_id_84c5c92e" ON "auth_group_permissions" ("permission_id");
CREATE UNIQUE INDEX "auth_user_groups_user_id_group_id_94350c0c_uniq" ON "auth_user_groups" ("user_id", "group_id");
CREATE INDEX IF NOT EXISTS "auth_user_groups_user_id_6a12ed8b" ON "auth_user_groups" ("user_id");
CREATE INDEX IF NOT EXISTS "auth_user_groups_group_id_97559544" ON "auth_user_groups" ("group_id");
CREATE UNIQUE INDEX "auth_user_user_permissions_user_id_permission_id_14a6b632_uniq" ON "auth_user_user_permissions" ("user_id", "permission_id");
CREATE INDEX IF NOT EXISTS "auth_user_user_permissions_user_id_a95ead1b" ON "auth_user_user_permissions" ("user_id");
CREATE INDEX IF NOT EXISTS "auth_user_user_permissions_permission_id_1fbb5f2c" ON "auth_user_user_permissions" ("permission_id");
CREATE INDEX IF NOT EXISTS "django_admin_log_content_type_id_c4bce8eb" ON "django_admin_log" ("content_type_id");
CREATE INDEX IF NOT EXISTS "django_admin_log_user_id_c564eba6" ON "django_admin_log" ("user_id");
CREATE UNIQUE INDEX "django_content_type_app_label_model_76bd3d3b_uniq" ON "django_content_type" ("app_label", "model");
CREATE UNIQUE INDEX "auth_permission_content_type_id_codename_01ab375a_uniq" ON "auth_permission" ("content_type_id", "codename");
CREATE INDEX IF NOT EXISTS "auth_permission_content_type_id_2f476e4b" ON "auth_permission" ("content_type_id");
CREATE INDEX IF NOT EXISTS "relatorio_veiculo_cliente_id_847f48f6" ON "relatorio_veiculo" ("cliente_id");
CREATE INDEX IF NOT EXISTS "relatorio_dadoscompartimento_relatorio_id_3550e66d" ON "relatorio_dadoscompartimento" ("relatorio_id");
CREATE INDEX IF NOT EXISTS "relatorio_dadoscompartimento_ultimo_produto_transportado_id_78d2785b" ON "relatorio_dadoscompartimento" ("ultimo_produto_transportado_id");
CREATE INDEX IF NOT EXISTS "relatorio_relatoriodescontaminacao_veiculo_id_c8046252" ON "relatorio_relatoriodescontaminacao" ("veiculo_id");
CREATE UNIQUE INDEX "relatorio_relatoriodescontaminacao_finalidade_descontaminacao_relatoriodescontaminacao_id_finalidade_id_148358ca_uniq" ON "relatorio_relatoriodescontaminacao_finalidade_descontaminacao" ("relatoriodescontaminacao_id", "finalidade_id");
CREATE INDEX IF NOT EXISTS "relatorio_relatoriodescontaminacao_finalidade_descontaminacao_relatoriodescontaminacao_id_4de0d019" ON "relatorio_relatoriodescontaminacao_finalidade_descontaminacao" ("relatoriodescontaminacao_id");
CREATE INDEX IF NOT EXISTS "relatorio_relatoriodescontaminacao_finalidade_descontaminacao_finalidade_id_3fb502b5" ON "relatorio_relatoriodescontaminacao_finalidade_descontaminacao" ("finalidade_id");
CREATE INDEX IF NOT EXISTS "django_session_expire_date_a5c62663" ON "django_session" ("expire_date");
